1514	Force Windows Explorer to Start in the Folder You Want
1548	sand box
1690	Start Your Own Exercise Regimen and Stick to It
2220	Find a Property Appraiser
2613	build a shed
2641	Tie a Winter Scarf So It Doesn't Fall Apart
2828	become a mortician
2916	Paint Wallpaper Using Gardz
3003	record a cd
3608	Wire 3 Prong to Four Prong
3768	Decorate a Kid's Room Without Painting
3785	join the boy scouts
4065	sell used clothing
4185	buy a boat
4464	tune a guitar
4636	Make a Frizzy Hair Mask (Honey and Almond Oil)
4672	Change the Paper on Fusuma (Japanese Sliding Doors)
5236	Make Yard Sale Signs
5353	define love
5835	waste time
6728	Buy a Motorcycle
7829	collect coins
8041	make friends
8070	make your own jeans
8093	cross train
8503	s tudy
9031	make blue prints
10215	call 9-1-1
10928	Become a Hair Stylist
11157	Make an Oil Lamp
11485	Make Jello Cake
11593	listen.to music
11593	listen to music'
11593	listen to music
12303	Send a Free Fax
14618	solve math problems
15013	air soft
15473	Make Your Eyes the Spotlight
15930	Race a Junker on a Dirt Track
16261	build a hydroponic garden
17901	Help Someone Who Has Swallowed Gasoline
18119	Play CnC Red Alert 2 on Bering Strait
18142	Create a Copy of a Page in a PDF Document
18467	Speak Professionally on the Phone
19350	Erase Old Marks off a Dry Erase Board
19505	Understand Your Rabbit
19650	pole vault
19699	remove spyware
21220	love others
21863	join a band
24288	Do a Backbend
24598	Save Time With Blackberry Autotext
25644	Choose Lettering For Your Boat
26220	Eat Corn on the Cob
26227	pick a lock
26243	Disagree with Your Boss
26479	grow taller
27033	Make Friends All over the World
28073	stick fight
28144	Make a No Bake Chocolate Peanut Butter Ball
29413	become a notary
31635	Clean and Disinfect Wooden Cooking Utensils
31639	deliver a baby
33191	Bring out Natural Red and Blond Highlights
33675	Tie a Hojojutsu Bundle
34153	open windows explorer
34763	plan a road trip
39125	make a collage
39224	consolidate loans
40045	smile like you mean it
40567	buy shoes online
41159	Make Vodka Sauce
41557	start jogging
42118	Pack Your Possessions When Moving
42371	Walk in a Swamp
42376	Apply Lip Color
43230	start a social club
44068	Play Backward Defence in Cricket
44110	Be a Successful Girl in School
44316	Make a Pair of Geta (Wooden Sandals)
45423	snap your fingers
46775	Live With a Controlling Person
46949	paint by number
47994	Make Felt
48451	Deal With a Best Friend Cutting the Friendship for Good
49305	Perform a Taekwondo Front Kick
49611	Make One Chicken Last a Week
50769	exchange links
51994	ball room dance
51994	ballroom dance
52509	Relax Before Singing on Stage
52806	stamp concrete
54450	find free stuff online
56172	instant message
56990	Impress Middle School Boys with Your Knowledge of "Family Guy"
57118	make a bong
57358	Play the "Goofy Gift Exchange" Christmas Game
57489	Overcome a Social Phobia
57513	design your own engagement ring
57533	make a livejournal icon
57563	Determine What Time and Day a Web Page Was Viewed in Internet Explorer
58932	adopt a puppy
58995	Complete the Race for Life
59033	Travel Comfortably in a Van
60179	Use an Epilady
60593	improve your credit score
61670	become a plus size model
63003	install java
63234	pump gas
64044	learn russian
65062	destroy sensitive documents
65486	make a myspace contact box
65596	remove ink from clothes
66460	Make Bottle Cap Earrings
66910	draw a sea turtle
67765	Sustain a Long Term Relationship with Your Domestic Partner
70418	Be Naturally Funny
71506	embrace your inner child
72281	Dress Up As Krillin from Dragonball Z
72607	Connect an Electric Guitar to a Combo Amp
73091	Dress to Impress as a Girl
73432	Clean Stains off a Suede Purse
74372	Understand Light Switches
74736	do the hustle
76333	Set up a Tropical Aquarium
77815	Uninstall Kazaa
77823	Make a Healthier Pizza and Hamburger
77985	boil eggs
78426	study math
79797	roller blade
80590	Reduce Income Tax Liability in India
80761	Choose Property Management Software
81289	cos play
82354	date a stripper
83117	trick or treat
83127	Wake Up After Sleeping with Your Legs Crossed
83487	Organize a Group Translation Project
83703	Pretend to Be Asleep
84661	cancel an aol account
84925	Do the Scottish Highland Fling
85972	Deal With an Insincere Friend
86216	bite the bullet
89374	Stop Your Kids from Using Your Divorce to Their Advantage
91338	Fix a Running Toilet
92981	Build a Social Life as a Senior Citizen
93569	pay it forward
93622	Prepare at a Western Horse Show
93866	Have a Positive Body Image
96350	Say the Letter S (for People Who Have Lisps)
98097	Magically Repair Torn Paper
98792	Install Cheap Motion Sensor Lighting Indoors
99687	Do a Lifting Chokehold
99868	Write to HM Queen Elizabeth II
101827	Remove Undesirable ASCII Characters from a Site Created With Apple iWeb
102638	Deal With Heat Exhaustion
103358	Eat Fewer French Fries
103802	blend in
104193	tease your hair
104810	Make a Quarter Staff With PVC Pipe
104948	steal a myspace layout
105261	Install a Mail Slot
105608	Put a Fancy Edge on a Pie Crust
106763	storm chase
107603	find an apartment
107983	express yourself
108019	Ask a Lady Out If You're Shy
108340	make bagels
111838	Select a Go Kart Racing Gear Using Gears and Tires
112607	hit a home run
113084	Steal a Base
116162	Choose a Wedding Officiant
116596	create a super hero
117223	Accept a Close Friend's Sexual Orientation
117372	Host a Birthday Sleepover
118630	Know when It Is Safe to Download Something
119549	love reading
120261	Care for Contact Lenses
121545	role play
124519	Play with a Chihuahua
125156	sell paintings
127469	speak arabic
130263	take a test
131031	Make Cheese Fondue (Fondue Neufchâteloise)
132191	find an old friend
132757	disguise your voice
133069	trash talk
134348	Twirl a Baton
134580	make a hologram
134586	Be a Dungeon Master
135925	Write a Report as a Secretary of the Library Club at School
138151	Go Back to School in Style
138713	Make a Real Clan or Guild
139129	feed the birds
141831	Stop Passive Aggressive Behavior in the Workplace
142783	keep right except to pass
142937	find an email address
142937	find an e-mail address
144109	Write a Fanfiction Summary
144167	Take Care of Your Long Haired Maine Coon
145957	Make a Strong Stick Fort
147294	Beat Two Garradors in Resident Evil 4
149188	Bribe Someone
149493	identify a bird
149499	lucid dream
150783	Recruit New People for wikiHow
151030	Be Aware of Hidden Costs for a First Time Renter
151090	design clothes
151666	airbrush nails
156033	Get a a Better Reaction for a Card Trick
158440	read a clock
159170	Create and Develop an Original Character
160151	Keep Your Books Neat
162606	Manage Your Time over Summer Break
164692	chew tobacco
165104	Make Leaf Images
167954	visit niagara falls
168051	Find a Girlfriend at Summer Camp
169620	Straighten Out a Dollar Bill
170296	Fight Like Your Favorite Videogame Fighter
170309	Make a Credit Card Flower Box Magnet
170625	search the internet
171736	Make Citrus Spray
172525	Loop Music on an iPod
173973	do the right thing
176049	Write a Speech about Your Dog for Show and Tell
177442	Go to the Chiropractor Without Fear
177944	freeze strawberries
178567	play paintball
179096	volunteer overseas
179435	travel with kids
179736	Use the Reloading Tool in Resident Evil 3
179835	use your imagination
180919	find a snake
185124	become a pharmacist
186085	move stealthily
188607	Create a Book of Your Original Poetry
190580	Play "Mother May I"
192731	learn indonesian
192804	Determine the Gender of a Rabbit
193618	Plug Your iPod Into Your Car Stereo With an Auxiliary Cable
195176	Make a Trampoline Bike
195366	Loiter
196355	Play Siamese Chess
196826	Follow the Mortgage Accelerator Plus Program
196988	Use a Fire Pit
198180	star gaze
199048	sharp shooter
199445	make a quiz
199467	Make a Chocolate Portrait
199994	Prevent a Car from Rolling Back on a Hill
202543	Be a Drama Queen
203838	house sit
204779	Debone a Chicken Breast
206264	play tetris
206871	crip walk
210147	rent an rv
210221	get rid of hornets
210296	become an automotive technician
211014	pimp out your myspace
212213	keep going
214890	Ride a Waveboard
215182	acid stain concrete
216325	Be Friends with Someone Younger Than You
218071	Get 10,000 Additional G's in Harvest Moon Another Wonderful Life
222296	Solve the Svchost.Exe 100% CPU Utilization Problem
222921	care for a toy poodle
223011	Stop a Fight
223982	make a prom dress
224331	Make a Birdseed Stress Ball
226258	Talk to Parents When You Babysit Their Kids
227370	play house
228106	Fold a Towel Lobster
229134	Draw a Straight Line Without a Ruler
229322	Get Some "Easter Eggs" in Halo 2
229594	clean tile floors
229598	play strategy games
229843	become a coroner
235657	Avoid Missing a Flight
239379	chinese jumprope
239379	chinese jump rope
239758	google someone
240242	find unclaimed money
240312	Play Anywhere but the Mouth
241061	Use up Bits of Hand Soaps for Laundry
244238	shop smart
249690	Garnish a Cocktail
249970	Use Line Rider
251912	Make a Toy Computer
253470	think like a lawyer
254308	breed dogs
259454	keep it real
260417	paint a t shirt
268798	Make a Program in AppleScript
269998	Keep Someone from Breaking Into Your Car
270866	pitch from the stretch
274239	Sell World of Warcraft Accounts Effectively
274323	Go From Geek to Chic
276815	have some fun
277600	make a box and whisker plot
277685	Use Modbus Protocol
280522	Say Hello in Russian
281142	Be Like Manny Santos from Degrassi
281309	read manga
281506	find money
281523	Be Confident and Popular in Private School
283899	play swords
284150	bubba scrub
284580	do it your self
284580	do it yourself
287045	Play Fetch With Your Cat
289902	Not Watch T.V. when You Are Grounded
293438	Make Low Fat Mousse
297106	be a better dancer
297647	quit smoking
299291	Do a Wheelie on a Ripstick
300399	download ring tones
300399	download ringtones
300726	cross over
302573	Survive an Internship in Elementary Education
303743	Measure Your Torso to Fit Your Backpack
305743	Play "The Sign" on an Acoustic Guitar
307110	Search for Available Domain Names
308278	save the rainforest
309615	Make Beetroot Dip
309748	Do a Flip Turn (Backstroke)
310831	Make a Short Hairstyle Cute
311782	set up a 401k
313621	buy a book
313847	Be Like Phoebe Halliwell
316961	Make a Three Fold Duct Tape Wallet
318064	Decorate Your Camp Cabin
319271	play monopoly
319769	stop foreclosure
324825	Overcome Fear of Disease
326859	Do a Superman on a Dirtbike
326955	Have a Small Waist No Matter the Body Type
328479	Look Like Whitney Port from "The Hills"
332750	Beat the Mission Keep Your Friends Close on Vice City
333195	snipe hunt
334730	Move to the Netherlands
335525	learn chinese in china
338294	Register a Company in Kenya
339172	increase libido
339749	Make Microwave Oatmeal
340074	play houses
340252	blog templates
340745	add music to powerpoint
342571	Make an Easy Five Minute Dip
342924	Make a Naco
342981	Get Battlefield 2142 Working on Linux
344841	get over it
349616	Dress Like Angelina Ballerina
351529	find a song you dont know the name of
351814	Involve Your Students in The Green Wave
351986	Make Gold Cake
352690	Make a Rabbit Puppet out of Gloves
355375	Get in Touch with Your Inner Aquarius
358312	make a mother's day card
358312	make a mothers day card
359014	sell your story
361412	Make a Club Penguin Airlines
361436	Make a Mother's Day Flower
365223	Sew a Rip in a Plush Doll
365299	Keep a Goldfish Happy and Healthy
365408	Decide Whether or Not to Get an Abortion
368487	marble paper
373115	Highlight Your Hair With Highlighter Markers
373607	Become an Ohio State Fan
376876	Adjust to Driving a Car on the Right Side of the Road
376901	Imitate the Smith's "How Soon Is Now" Guitar Effects
377233	Create a Zen Bedroom
377831	make a weeble
379578	buy american
382069	Chill a Pop Tart
383810	Make an Outdoor Hideout
386473	Make Sweet and Sour Chicken
386980	long jump
388565	mind your own business
389348	Tell an Alligator from a Crocodile
389902	Get Ready for Bed (for Girls)
390853	car wash
390957	convert dvds to ipod format
391690	talk about sex
397010	Kiss a Girl at the Movies
397365	Make a Cheezy Beer Dip
399833	Learn Basic Fencing Footwork
400215	make your own t-shirt
400215	make your own t shirt
402603	make a slipknot mask
403271	Play Hotshot
403375	create a word
403384	Succeed at Business to Business Sales
404055	crochet curtains
404322	Do French Tips with White Out
405319	Become a Dymaxion Sleeper
405374	Use Action Replay with Nintendogs
405817	Dress Like a Berserker
406986	Become a Law and Order Fan
407472	create a character
409098	Make a Chicken Fruit Salad
409433	Challenge Players in the RuneScape Duel Arena
411768	Kiss Your Boyfriend
412419	Become a Disney Channel Actor/Singer
412570	Make Parmesan Popcorn
413129	Be a Good Big Brother or Sister
416337	stay gold
417175	Fill Pot Holes
419677	Stay Cool During the Summer
419962	Throw the Best Party of the Year
420472	Not Come Across As the Baby of a Group of Adults (Teens)
420787	Get a Guy to Like You in Seventh Grade
420896	Create a Free Blog on Choseit
420988	Be a Perfect, Beautiful Redhead
422007	Have the Best Halloween Costume
424168	design a patio
424791	Be a Creepy Person
426064	Talk Your Teen out of Getting a Body Piercing
427221	Have a Tomboyish Room (for Tomboys)
429096	Draw an Airy Star
429339	Pull off a Pin up Hair Style (for Curly Hair)
433067	Be Preppy Punk
441781	Sell Beef Jerky
442408	Sneak Around
445742	Make a Watermelon Basket Fruit Salad
447209	Train Your Sixth Sense
448260	Observe a Couple Without Being Noticed
452488	Make Frito Pie
454104	Be an Effective Teammate in Halo 3
454360	Insert a Quicktime Movie Into iDvd
460472	show off
462248	Do a Jump on Rollerskates
462499	Prank Call With Skype
466935	plan a trip to new york city
469072	Plan a Lovely Wedding on an Affordable Budget
471102	Solve Kakuro
471585	Retone a Photograph with GIMP
473911	Make Storytime Special
474303	Be a London 'It' Girl
475099	Make a Peanut Butter Milkshake
480514	Start a Rampage in Grand Theft Auto III
480737	get paid to drive
484844	Work Well As a Team on Left 4 Dead
485928	Make Bran Water for Cleaning
486587	Make a Sewing Box
486643	thrift shop
486687	Explore the Rumen of a Fistulated Cow
490610	Make Plant Name Markers from Ice Cream Containers
490789	play scrabble
495025	teach kids about money
496368	Make Vegan Brown Sugar Champagne Frosting
496493	Organise a Three Shelved Book Case
496537	Be a Toddler or Baby on Club Penguin
498012	design shirts
508123	Make a Gillitini
509259	Find Something to Wear on a School Occasion
509377	Film a Kung Fu Fighting Scene (Kids)
510113	be real
511001	Make a Internet Browser With Realbasic 2008
513758	Improve Your Tone on the Flute
513836	Make Mushroom Broccoli Casserole
514745	make coffee syrup
516373	Get Special Pet Foods in Webkinz
516635	Make Rose Madeleines With Glittered Honey Lemon Glaze
516749	Store Partially Baked Bread
517867	Make Blueberry Banana Bread
518730	Play Truth or Dare at a Sleepover
518909	bend it like beckham
521321	Pass a Class Without Really Studying
521972	repair hardwood flooring
522707	Make a New Dress from an Old Halloween Costume
523870	Improve Your Footwork in Soccer
525144	Be a Classical Girl
526042	Make a Christmas Tree Snowflake
526661	Draw a Black Cat
531427	set time
532757	Make a Trebuchet with Popsicle Sticks
534956	buy wine
536292	Spot if Your Boyfriend Is a User, Cheat or a Player
537055	Get Your Parents to Sign a Bad Report Card Without the Nagging
537381	Write a Captivating CV for Jewellery and Watch Jobs
537750	Know if a Beer is American Made
538327	Sit Beside a Girl in School
539939	read poetry
542543	sell diamonds
544040	Make Nasturtium Flower Sandwiches
545145	Make Cinnamon Apple Strips
545648	Choose a Nickname on a Pet Site
545832	Start a Humming Bird Club
545954	Protect Your Computer With a Firewall
546265	Create Masks Using Audio Software
550068	create a code
550768	Write a Nature Haiku
550994	order flowers
551375	Encourage Multiple Cats to Get Along with Each Other
552250	print posters
553387	Express Anger Without Hurting People
556545	learn to ride a motorcycle
561272	Snow Blow Your Driveway
564383	add binary numbers
564439	Kill a Big Daddy in Bioshock
564967	Be a Socially Responsible Business
574674	drive smart
575685	be a movie star
576265	google a person
579018	Make Choco Fruit Curd
579371	add pictures to myspace
579550	Redo Your Room on a Really Tight Budget
580650	Make a Tv Tuner Card Work on Ubuntu Hardy Heron
581973	personalize your own bag
585353	Be Girlicious
587016	Block an Email Address on Yahoo!
590813	Keep an Instant Message Conversation Interesting
590857	Tattoo Yourself
591884	Be Like Casey Reinhardt
592368	design posters
594139	Resist Sexual Desires by Following Islamic Traditions
596436	Build a Compost Container
596715	find a date for prom
596793	clear eyes
597560	Write a Report Last Minute
597648	Develop Study Guides
597791	Make Quick Fudge Icing
597818	make flash cards
598493	Eat Mussels
599982	travel by train
601556	Care for Haworthias
603727	vacation in delaware
608326	Make Grilled Squid
608860	honor god
610594	Make a Marine Ecosphere
612187	Care for Your Teeth As a Senior Citizen
612954	Decide Who You Should Date as a Teenager
614583	Find and Care For an Antlion
615482	create a magazine
616005	play bejeweled 2 deluxe
617562	dance with the stars
617652	Change Keyboard Layout in Ubuntu
618907	Practice Martial Arts
618915	Cope With Being Cold
620424	Decide Whether or Not You Want Another Piercing
620654	become a rabbi
630581	blow out hair
630744	Make a Nutella and Banana Cookie Sandwich
632964	dog whisper
633079	penguin slide
633374	Brake Safely on a Motorcycle
635548	Create Elderberry Wine
636468	Prank a Person Using Chewable Sweets
637196	Get Into Full Servers on Fantage
637717	Have CarequitaGifts.Com Deliver Gifts in Lima, Peru
640646	gamble online
640938	change your cursor
644379	buy a pet
646662	buy movie tickets online
647519	Feed a Bearded Dragon
647942	Get up Earlier
650109	Install a Snowmobile Stud
652166	Extend Your Li Ion Dell XPS M1210 Laptop Battery Life
653665	Create a Google Adwords Account
653806	Be Annoying at the Movies
654347	Play Home Run Derby
654562	sell baseball cards
654947	Pretend Your Life Is a Sitcom
655087	Make Hair Wavy With Braids
656078	butterfly kiss
656657	straighten curly hair
658202	Make Strawberry Syrup
659774	Practice Guitar Scales
662822	sit shiva
663160	show horses
664466	create a music video
664594	smooth talk
670497	Project Your Hindustani Singing Voice
670589	Get to Hawaiian Waters Adventure Park
672279	Play Dwarf Fortress
672628	Spin Like Michael Jackson
673872	Make Peas and Prawn Rice
674288	Decorate Your Gym Locker for Girls
674556	rent a boat
675019	Research a University
675381	loung e
675483	Avoid Networking Mistakes
675582	people watch
677287	Tell Your Best Guy Friend You Don't Like Him
677859	splatter paint
678654	Save a Microsoft Word Document
680108	Teach Children Basic Street Safety when Walking
680715	Make Cranberry Bean and Tomato Soup
681525	buy a suitcase
682474	find a word
686659	clean sheets
687920	make a child smile
690826	start dating
691323	Dress for School
691605	Get Teachers on Your Side if You Are Bullied
695443	Make a Superhero
696090	Open a Pickle Jar
696338	Wash Long Hair
696532	convert ounces to grams
699056	watch tv on the internet
700155	wet shave
700235	be a hair model
701579	organize your bedroom
702245	Decorate a T Shirt
702582	sell your runescape account
703236	consolidate debt
703255	palm mute
707059	Keep Mobile Through Exercises
710338	double click
712381	get great abs
714067	bottle water
714392	learn to dance hip-hop
714436	become a cell phone dealer
714524	block spyware
715204	Make a White Streak in Your Hair
716300	Make Gluten Free Brownies
718578	Get the Amethyst in Aqua Grabber on Club Penguin
722351	live simply
723647	draw a donkey
724273	buy flowers
724670	Draw a Cartoon Face (Upside Down Method)
725550	hug yourself
728440	customize your shirts
732694	Teach Children Water Safety Without a Swimming Pool
732874	do more push up's
736297	Leave an Igloo on Club Penguin Unusually
736444	Look the Vampire Part (Girls)
736835	Dress As a Red Head
737263	Eliminate Itching from Mosquito Bites
738897	Occupy Yourself on Christmas Eve in the Day
741480	decorate a room
741659	Be Lucky on Friday the 13th
743664	Get a Cool Boyfriend
745324	Build a Garden Pond
746480	believe in santa claus
747066	Keep Kids Off Your Lawn
748034	Start an Herb Garden Business
749273	play risk online
751328	Get the Best Amount for Your Xbox 360 when Selling
751428	Have a New Year's Eve Sleepover (Teens)
751679	Make Caterpillar Cupcakes
751682	play red alert2
755093	Exercise Good Phone Manners
755224	Draw Fast Cars
761791	Raise No TV Children
762730	Build Your Old Wardrobe Into Something New Without Spending a Fortune
763536	Find Summer Jobs Babysitting
763915	find freelance work
767920	learn chemistry
770405	Read a Long Book in a Week
771851	Switch to Healthy Cooking
774729	Count Calorie Intake to Lose Weight Effectively
779389	Handle a Chef Knife
787849	Remove a Wart With Duct Tape
787865	Make a Hotdog With Cheese
789219	Create a Science Project Display Board
789661	Buy a Cordless Drill
790014	design your bedroom
791224	create a birthday invitation
795075	self heal
802341	study from home
803350	find an email address for free
804693	meet the parents
805086	End a Relationship Without Causing Pain
805722	Make a Milksicle With Oreos and Cinnamon
810077	Say I'm Sorry in a Card
812684	Create a Spy Supply Kit
815994	buy girl scout cookies
824344	Juggle Fire
829003	make your own website
829003	make your own web site
829012	Cosplay at a Convention
829678	Modify and Abuse 3D Notes in ProE
830191	free your mind
830728	Small Talk for Successful Business Networking
831279	Form a Band Without Spending a Single Dollar
832077	Be Like Alaska Young
834709	design a car
837648	donate blood
841650	Make a Backyard Fish Pond
842860	Make Basic Scones
846183	Have More Self Confidence and Love Yourself
853014	Master the Segue in Public Speaking
857131	travel in india
857615	Find Punk Clothes Online
858173	Use TextAloud
859128	migrate to australia
860697	Get Around the 2 Minute Ban from Typing on Navyfield
860751	return to sender
866337	Clean Converse Shoes Using a Magic Eraser
870308	Claim Back Mis Sold Payment Protection Insurance (Ppi)
872394	Become a Muslim (for Girls)
872823	Do Outdoor Activities With Teddy Bears
880362	change the world
884412	Get Certified Quickly
887741	Put Your Nerf Recon CS 6 Back Together
888946	Edit a Template in Your Tiki
891482	Cope With Jerks at Your School
895224	Learn to Cook with Cooking Classes
895545	Camp During the Day (for Kids and Pre Teens)
895752	Build a Town out of Toys
896723	Look Sweet
897573	Find the Root Cause of a Network Outage
899118	Have a Fun Day With Your Teddy Bear
902893	Make Fruit Roll Ups
905062	design baby clothes
912835	Use Aircraft Rudders Correctly
916497	rent a dumpster
918619	find your perfect hair color
920291	Earn More Money With a Low Cost Franchise Business
922622	Pronounce Japanese
926917	delete an aol screenname
926917	delete an aol screen name
927115	Reduce Toxins in Your Home
929669	Distribute Free Press Release
930329	Make Easy Brownies
930752	Deal With Homophobia
932607	find lost family members
933512	slim down
935162	Troubleshoot Riding Lawnmower Problems
945855	Be Successful When Selling a Car
952612	Dress a Salad Healthily
952646	pay bills online
957377	make an e-mail
961539	buy iraqi dinars
961696	Have Amazingly Soft Lips
964318	Beat Horde Mode on Insane
965029	Build Your Stage Risers
965787	find a yard sale
967691	Plan Fun Games for a Family Reunion
968090	Tell if Someone Is or Will Be a Nice Boyfriend
972220	compare computers
972901	Purchase Witchcraft Supplies
974316	Make Your Appearance Reflect on Who You Are
976640	Build an Email Server
977021	buy scrap gold
984239	Get to Roosevelt Island
984307	refinance student loans
988628	Swim the Dolphin
989645	Throw a Christmas Party on a Budget
993644	build a modular home
999248	Choose the Perfect Swimmy Outfit on Club Penguin
1000676	show rabbits
1007358	Become a Green Beret
1007699	Make Focaccia Style Flax Bread
1008097	clean hardwood floors
1008853	Eat Formally
1009188	Get Your Facebook Page Noticed
1010825	Bid Farewell in Russian Language
1014833	design a web site
1015737	Get Brass Key on RuneScape
1019142	Stop Deer from Eating Your Plants and Trees with Soap
1020624	make-your-own game
1020624	make your own game
1021142	play with dogs
1026880	Teach Your Children Good Driving Skills by Example
1027282	Be Beautiful at Seventy
1029612	Use a Fish Finder
1031679	enjoy the life
1033040	Flirt Using Body Language (Girls)
1040045	Look Asiatic when You're Not
1041196	Lime Render a Wall
1044273	Recognize Cellulitis Symptoms
1048912	download yahoo messenger
1048912	down load yahoo messenger
1052158	apply for medicaid
1053218	Insert a Cannula
1055281	Defeat Barbarrcia in Final Fantasy IV
1062857	Buy a Wok
1063997	Make a Hide out for Kids
1064414	Dress up As Ed from Ed, Edd & Eddy
1066797	practice acting
1066834	color hair
1069014	Survive Retirement
1072586	buy a computer
1076997	collect unemployment
1077005	sell your wedding gown
1078662	Pull a Prank on Mischief or Goosey Night (Halloween Eve)
1081221	open compressed files
1082159	Relieve Stress when Revising
1084355	dress like paris hilton
1084790	Appear Hygienic
1084802	Make a Kesha Costume
1085483	compare colleges
1087435	make your own glitter words
1089128	'play' '
1089466	Lose Weight by Doing Things You Like
1090547	apply for personal loans
1090555	count money
1094943	Be a Scarecrow for Halloween
1096701	make your own free website
1096937	Confirm the Authenticity of a Property Title
1099968	have a party
1102029	Apply for a Marriage License in Virginia
1102545	adopt a kitten
1103301	organize your office
1103959	Make Bubble Blowing Tools
1106235	Make a Raw Vegan Brownie
1106648	get rid of birds
1106719	Build Muscular Strength
1107812	send flowers
1107815	Hold a Pick
1108213	Smile When You Are Angry
1108896	apply for medi-cal
1114572	Have a Sleepover when You Are Grounded
1115517	Make Herb De Provence
1115868	Make Lavash
1117895	Make Homemade Pom Poms
1118979	buy carpet
1118986	test for diabetes
1121148	Enjoy a Visit to Goa
1121960	Control Your World
1123143	Tolerate Getting Wisdom Teeth Pulled
1123205	cure dry hair
1124979	Negotiate a Job Offer That Involves Relocation
1126110	Be a Reclusive Author
1128280	decorate a livingroom
1129308	get paid to travel
1129868	download i tunes
1129868	download itunes
1129868	download i-tunes
1134177	qualify for medicaid
1137924	build free websites
1140091	gain flexibility
1144176	Use Your Digital Camera's ISO Setting
1144914	Enjoy a Snow Day
1146291	ghost a hard drive
1147796	Paint Laminate Cabinets
1147817	sell an idea
1147818	sell jewelry
1150778	look good in a bikini
1151604	report phishing
1151606	white water raft
1151606	whitewater raft
1151664	Write a Creative Diary
1152172	Search for Last Minute Cruise Deals
1153175	Make Indian Dry Mutton
1156408	send dried flowers
1156730	Become a Magistrate
1158147	Throw Your Friend
1159373	Listen to KISS 95.1 on the Computer
1160300	divorce in california
1161348	Convert Video to Sony Psp Video Mp4 Format With Avs4You Software
1169307	open a checking account
1173504	Think of a Good wikiHow Article to Write
1176576	Kiss an Enemy
1178431	shoot the moon
1181532	build a closet
1181540	sell insurance
1183608	Teach Teens About Budgets
1184160	learn spanish .. online
1184160	learn spanish online
1184160	learn spanish on-line
1184373	Share a Slideshow on LinkedIn with SlideShare
1185363	Use Tumblr
1185395	save dogs
1185449	donate toys
1188926	design your own tattoo
1191712	Build a Flash Animation Using Actionscript 3
1192454	Build a Dance Floor
1194030	make a puzzle
1194889	buy a star
1196369	Make a Sprite and Dr Pepper Drink
1198018	Negotiate With a Car Salesman
1201156	send money
1202814	Install Oracle Java on Ubuntu Linux
1204622	Cleanse Your Web Copy of Jargon
1206180	learn a language
1211646	be a geek
1212337	Avoid Germs at the Office
1216013	Get Your Life in Order (Teen Girls)
1218481	Practice the Art of Seduction
1219959	Pamper Your Wife
1221970	study science
1228267	order checks
1229186	visit the holy land
1229563	Treat Colds With Elderberry
1230479	Find a Text Message History
1230535	Celebrate Ferris Wheel Day
1232174	become a publicist
1234963	install directx9.0c
1243779	Watch an R Rated Movie Secrectly With Your Parents Home
1247833	Use Ficus Religiosa Trees in Nepal to Encourage Local Sustainability
1248733	Train Your Pet
1251706	Put On Daily Makeup
1252229	Reduce Inflammation in Crohn's Disease
1254530	get married in hawaii
1254993	book a flight
1258254	play free bird
1259015	buy a bird
1262103	Get a Man off Your Mind
1262414	braid extensions
1262593	Convince Your Parents to Let You Get Your Ears Pierced
1266264	love the one you're with
1267864	Make Nut Butter
1274155	create your own cursor
1281406	vote for american idol
1281715	Throw a Summer Backyard Party
1284709	Imitate Madara Uchiha
1286575	Make a Frog Habitat for Your American Girl Doll
1291428	compare auto insurance
1291854	Become a Certified Translator
1292670	manage email
1294827	Choose the Right Skirt for Your Figure
1297438	recover from bankruptcy
1303259	Have Non Bumpy Teeth
1304699	File an Ohio Unemployment Claim
1305147	buy videos
1305538	Evaluate a Landlord
1305781	find a match
1307227	find spyware
1307240	Become a Commercial Loan Officer
1308488	Become a Pilot for British Airways
1308729	Teach Students to Write Main Body Paragraphs Using the T.E.X.A.S. Formula
1310660	Avoid Awkward Silences With the Guy You Like
1311190	find a contractor
1316594	make crossword puzzles
1318429	buy a web cam
1318600	amortize a loan
1319400	meet singles in your area
1319830	Buy the Copyright for an Old Book
1322064	Look Pretty at the Age of 9 12 (Pre Teen)
1322816	find a psychiatrist
1323604	Sell a Rock Collection
1324398	cook ahead
1324487	Make Lemon Mousse
1324631	Get Free Music on Your Computer with IM1Music.Net
1324690	turn off parental controls
1324977	form a corporation
1325481	Prepare Your Neighborhood for a Major Emergency
1325737	Apply a Poultice
1326058	find a home
1326238	download pc games
1326563	increase good cholesterol
1327057	change an email address
1328566	Acclimate a Fish
1329201	Talk to an Old Friend over Instant Messaging
1330208	Sharpen a Kitchen Knife
1330880	Make a 31 day Bill Organizer
1331212	kill japanese beetles
1331553	Obtain the Bald Look for Men
1331607	report credit card fraud
1332160	Administer Activated Charcoal
1332493	buy a mobile home
1333480	Be an iCarly Fan
1334259	invest in mutual funds
1334327	organize your house
1334691	Improve Your Life With a Positive Role Model (for Teens)
1334714	Get Motivated to Study for a Test in High School
1335319	Make Your Perfume Scent Last
1336542	backup outlook express
1337091	find a police officer
1337136	Decide if Homeschooling Is Right for You
1337742	bbq brisket
1338465	travel the world
1338516	Help a Child Be Unafraid of a Person with Dementia
1339114	buy art
1339245	Help Reduce Sex Trafficking in Your Town
1339930	Make Smoke Sausage Mushrooms
1342420	apply gold leaf
1342470	Make a Low Budget Medium Quality Cartoon
1344168	work from home
1344664	skim coat
1345651	replace windows
1345803	turn on virus protection
1345850	Clean Cubic Zirconia
1346871	cure indigestion
1348556	Care for the Skin After Laser Hair Removal
1349243	fix your credit
1350287	Use a Belly Putter
1350626	rotisserie grill
1351006	slow pitch
1351981	adopt a dog
1352185	Convert English to Russian
1353169	stone wash
1354626	Do Remote Viewing
1354908	file a complaint
1355156	find information on people
1355608	buy whole sale
1355608	buy wholesale
1358319	start a vineyard
1359926	raise cattle
1360303	Fletch Arrows
1361016	Get Travel Insurance
1361532	Change Your Minecraft Skin with MC SkinEdit
1362952	Eat in Maui on the Cheap
1364601	find a pet
1365172	Make a Tallit
1367271	Have a Romantic Relationship With an Egotistic Person
1367751	start a cafe
1368162	make fertilizer
1368675	Calculate Finance Charges on a Leased Vehicle
1368766	cook a wild turkey
1368936	cook cabbage
1369063	build an iguana cage
1369246	become a realtor
1370386	design a family tree
1371717	make a homepage
1371717	make a home page
1372378	test for add
1373086	antique mirrors
1373350	Write a Good Medical History
1375645	find family members
1375942	design a living room
1377400	smoke sausage
1382247	bronze shoes
1382369	Make Butterscotch and Whiskey Brownies
1383943	Cleanse Your Body With Fresh Fruits and Vegetables
1384036	Prepare Your Eyes for Makeup
1384749	convert money
1385974	melt lead
1386305	Pick Broccoli
1386983	water trees
1387296	Build a Presentation Title Page in Sliderocket
1387415	Create a Memory Cookbook
1389792	Kill a Sim by Electrocution in the Sims 3
1390822	Add Symbols in Blackberry
1390974	create a homepage
1391261	Enjoy the Benefits of Cleansing Your Body
1392340	play sims
1392625	Add Large Images to a Craigslist Post with Listhd
1392669	Install Replacement Windows
1392879	thin blood
1394741	Create Your Own T Shirt
1395898	bid a job
1396090	Avoid Gestational Diabetes
1396434	install flooring
1396602	Plan a Last Minute Memorial Day Weekend Getaway
1399376	Trim Shrubs
1399611	Supply a Home Laboratory
1400268	boil crab legs
1401467	kill lake weeds
1402474	Measure Return on Assets
1404021	be an inventor
1404436	Work Faster
1404642	unclog a dishwasher
1404775	Braid Your Hair With Thread
1404895	Eat Something You Don't Like
1406681	Measure Company Growth
1408906	go to school
1409043	buy a pool table
1412190	kill bermuda grass
1412660	sell scrap gold
1413806	improve digestion
1413816	Make Flash Paper
1416054	slump glass
1421089	make homemade dogfood
1421449	Build a Land Yacht
1423996	Get Your Child to Love Reading
1425000	build trailers
1427192	buy gold bars
1431229	Set a Barometer
1433821	draw a car
1439139	Dominate at Thumb Wars
1439951	adopt a pet from a shelter
1442754	Reduce Fat in Your Cooking
1443098	Make Stewed Feijoas
1444081	buy organic food
1444925	Fix Passive Voice
1446515	overcome alcoholism
1446592	Create Suspense in Fiction
1448675	Prevent a Kitchen Fire
1450101	Develop Arm Strength for Baseball
1450999	Start a Housekeeping Business
1451039	report child abuse
1456287	Stop Butter Burning
1458016	Make a Quick French Onion Soup
1465877	buy a pomeranian
1472777	Reduce Workers Compensation Premiums
1475077	organize old photos
1480031	apply for child support
1483271	Behave in a Movie Theater
1487327	Draw a Handgun
1489207	Free Jump a Horse/Pony
1490499	Do Mission 2 on Club Penguin
1491073	Fix a Rotated Screen
1495982	Read a Book That Has Small Text
1500372	Write a Poem in Heroic Couplets
1501612	Bring Home a Guy Your Parents Don't Think Much Of
1502144	Order Chinese Food Over the Phone
1504159	borrow money
1504204	Buy a Fruit Basket
1504435	sea walk
1506269	major in photography
1506285	make your own stinkbait
1506383	sugar flowers
1507321	Control Oily Hair
1507410	buy fireworks
1508910	order checks online
1509266	Decorate Your Room With Household Objects
1510626	Teach Your Kids to Tie Their Shoes
1512733	Grow Plants With Grow Lights
1513292	Draw a Cartoon Kiss
1514710	Draw a Cartoon Skunk
1516745	wetset hair rollers
1517927	Get Into The Imperial Age on Age of Empires 2
1518382	Preserve an Autograph on a Baseball
1520477	Develop As a Musician
1521885	help kids
1523932	live a happy life
1526423	Select an Arizona Window Sunscreens Dealer
1526438	Use a Battery Charger
1526934	Balance School and Life (Teens)
1529713	Find Free Craft Supplies
1532733	adopt a highway
1532921	train a dog not to bark
1538449	buy baby food
1539887	Write a Human Resources Resume
1544251	import furniture
1547386	buy a keg
1547958	Fit in at a British High School
1548590	Shave With Shaving Oil Blade/Electric
1549506	Prepare for Getting a Job in a Medical Office
1552048	dress up
1555862	Prepare a Pre Teen for Puberty Changes
1558124	Make One Eye Go up and One Eye Go Down
1558395	Make Almond Crusted Salmon
1564270	saute' mushrooms
1565829	travel to romania
1566238	buy a dog
1567764	beat egg whites
1569526	Plan a Child's Birthday Party
1569675	battle rap
1571249	Plan and Film a Sims 2 Movie
1573064	Be a Cool Preteen Girl
1575162	Pretend You're a Novelist
1589702	Get Lost in a Good Book
1591407	date a dentist
1593704	Get Rid of Cats from Your Garden
1593832	make money writing
1594752	Become Confident and Improve Yourself
1594774	calculate your final grade
1596530	Verify That a French Business/Professional Is Appropriately Registered
1601345	Overcome Selective Mutism As a Teen
1609011	Make a Xenomorph Costume
1609543	read aloud
1611485	Do a Knee Tuck
1611845	Grow Cucumbers to Pickle
1612068	Buy a Retired Police Dog
1612443	Scream in a Hardcore Punk Band
1618687	Make a Lemon and  Herb Italian Sandwich
1621010	Improve Your Mother Daughter Relationship
1624419	Remove a Candle from a Mold
1625210	Grow Patchouli
1625507	Buy Pieces of Driftwood
1626710	convert roman numerals
1627250	Draw Fashion Eyes
1627986	Work Your Way up the Corporate Ladder
1628150	Buy Depression Medication
1633543	Start a Page in Wikipedia
1634398	Do a Tiger Stripe Manicure
1635932	Be a Gourmet Cook in 3 Easy Lessons
1637342	Draft a Compromise Agreement Quickly and Cheaply
1640789	Use an ATM to Deposit Money
1643253	obey your parents
1648053	Work in Collaboration With a Narcissist
1648826	Add a Wall Switch to Light Fixture Controlled by a Chain
1651910	think big
1652269	Clear Negative Energy
1656900	color pictures
1656908	Meet New People With Grooovy
1657113	love a pet
1657692	Be a QMRP
1657711	Earn Extra Cash from Home
1658789	Buy More Time on an Overdue Assignment
1659871	burn free music
1663497	feed a corn snake
1666135	Recognize Signs of Over Exercising
1671058	Draw a Crater
1676349	Do the Left Leg Splits
1682413	Choose a Baby Nursery Theme
1682877	Maintain a Linoleum Floor
1683459	Identify Fruit and Vegetable
1685583	report welfare fraud
1687390	Choose the Best Broadband Router for Your Network
1688274	Get a Doctorate in Economics
1688633	play poker for free
1695637	build a maze
1696326	download world of warcraft
1698614	Do a Kickoff in Cheerleading
1709671	Live the "Perfect" Teen Life
1711188	find arelative
1713843	Plan a Trip to Croatia
1722072	Make Fried Dough
1729639	Become a Pretty and Popular Teenage Girl
1729863	request high school transcripts
1731294	live it up
1741796	Download the Soundtrack from a YouTube Video Using SnipMP3
1747504	Ditch Insincere Friends
1749248	reinstall outlook express
1755256	Make Fruit Pops
1757655	meet russian women
1760155	Set up a Letter
1760715	Prepare a Nursery for Twins
1764083	Train for Rowing
1764928	find a girl friend
1768128	Begin an Oregon Divorce
1770693	fun stuff to do
1771500	Heal from a Collapsed Lung
1771689	Create a Tag and Perform a Revert in TortoiseSVN
1771708	Make a Paper Shield
1775552	Dry Squash Seeds
1777039	trace your family tree
1778463	Get Back at Members on Club Penguin
1779662	shop and save
1783960	Make Homemade Stickers and Embellishments
1792171	Change a Background in Adobe Illustrator
1795033	donate food
1807042	exercise after childbirth
1811663	lose weight super fast
1818881	Install the Del.icio.Us Extension in Firefox
1834493	become an anesthesiologist
1854470	drive cross country
1858013	Put Together a Good Outfit
1861309	Do the Bum Dance on FIFA 12
1862463	Greet a Man
1865531	Make a Ginger Cider Martini
1865703	Be Popular in Your School/Work
1874915	Never Wear the Same Shirt in a Semester
1876837	Color Inside the Lines
1879450	Make Lime and Ginger Lemonade
1883162	Do the Four Jacks Card Trick
1883190	learn to read faster
1886710	Treat Eye Infection Naturally
1892442	Balance Stock in Your 401(k) Plan
1895050	Create a Template for a Page With Two Columns Using OpenOffice.org Writer
1906005	Put a Fish in the Water Without Shocking It
1908775	Know when Expressed Breast Milk Is Spoiled
1909688	Make a Remus Lupin Costume
1914097	Make a Soup Kitchen on Club Penguin
1921818	Take Your Doll out in Public Without Getting Embarrassed
1924803	Run Away from Home With Your Dog and Survive
1929751	Photograph Hummingbirds
1933238	shop for jeans
1939286	Teach in China
1952563	Deal With Parents Who Hoard
1954850	install adobe acrobat
1955597	Make a Cozy Bunk Bed for Overnight Camp
1959363	Make Money With Referrals Online
1973960	Get a Candy Room on Moshi Monsters
1977670	Make a Smiley Face on Paint.Net
1979923	Act Like the Legendary Pokemon Dialga
1982083	Eliminate Chest Congestion Caused by Quitting Smoking
1985885	improve parenting skills
1989425	Care for Your Pet's Bandages
1990689	Print a PowerPoint Presentation
1991674	Treat Athlete's Foot With Oregano Oil
1994324	Make Bacon Cheese Popcorn
1996376	Keep Running Even if You Know You Have to Stop
1999671	Choose Wedding Rings
2000010	say something
2014974	Get a Guy at the Movies
2017239	Leave Club Penguin (for Pookies)
2027722	remember passwords
2030266	fight girls
2036594	Send Email on Mozilla Thunderbird
2042656	Defeat the Archdemon in Dragon Age Origins
2047629	Adjust Hues in Adobe Photoshop CS4
2052973	Blend Essential Oils for Soapmaking
2058449	Make Crockpot Barbecued Hot Dogs
2064205	Use a Wine Aerator
2064962	Add Shelves to a Closet
2073681	Draw Carrie from the Amazing World of Gumball
2084663	Tamp Coffee
2109760	Glue PVC Together
2115338	Replace Cables and Outer Housing on a Road/Mountain Bike
2131010	Do Undertakers Old School
2132734	Prepare Kichari (Mung Bean & Rice)
2133607	Chop Fresh Thyme
2133825	visit boston
2135402	Craft a Bed in Minecraft
2138255	Get Your Kids to Pack for Travel Instead of You
2141614	Book Restaurant Reservations
2143042	clean chrome wheels
2144165	Accent Trees With Outdoor Lighting
2146857	Change Classical Guitar Strings
2158147	Take Your First Steps in Understanding and Speaking Mandarin
2165375	open a bank account
2169629	subtract fractions
2174774	Open Email Attachments on an iPad
2199014	Categorize a File in Wikimedia Commons
2202016	move to florida
2207993	Impress a Middle School Karate Girl
2213004	Use Freegive to Get Free Household Items and More Free Stuff
2213302	Use a Nail Art Pen
2214633	Create a Simple Bow and Arrows
2215011	Dry Highlight Your Hair
2217684	Change Your Name in Arizona
2223505	Change Your Name in Alabama
2223537	Find a Mate on Wolfquest (Easy Way)
2227768	travel guatemala
2234838	go on vacation
2236740	start a boutique
2237283	Start a Fabric Store
2237739	Plan a Radio Promotion
2240704	Explain Depression
2240894	Host a Book Club
2245939	Make a Workout Plan
2255147	study witchcraft
2260018	Host an Oscar Party
2261412	Care for Itchy and Irritated Skin
2263083	sell your house quickly
2269951	Look Beautiful on a Date Without Having to Wear Makeup
2279545	Sun Dry Food for Preservation
2289649	Download Full Length Movies from FunnyAcid
2297871	Send Email on the iPhone
2300371	Give Your Room a Teenage Look
2301072	Become a Rise Against Fan
2304110	Get SmartyPig for Android
2309966	Talk Yourself out of an Assault
2310218	Identify Music With Android
2313958	remove iron stains
2325761	manage yourloans
2328930	setup e-mail in outlook
2330479	Make Homemade Apple Spice Bath Salt
2330787	download microsoft access
2331732	Install a Swift Green Sgf G9 Refrigerator Water Filter
2335122	retire rich
2362182	Set Up a Custom Banner Message in Your Ubuntu Linux Machine for Remote Users
2375587	Look Fashionable in P.E
2383399	Suggest a New Acronym Definition to AcronymFinder
2398715	live for jesus
2417311	Turn Notifications On or Off in Instagram
2421894	find cheap used cars
2422680	make your own dolls
2429588	Become Positive, Happy and Optimistic
2431800	tow cars
2432497	Make Almond Cream
2436971	Migrate an Online Store to Magento
2445417	Build a Miniature Faux Log Cabin
2457393	Use the Fill and Stroke Functions in Inkscape
2460358	find apartments for rent
2467485	Enjoy Biking
2472512	recycle kids
2475009	Use the Scensibles Feminine Hygiene Disposal Bag
2477881	divorce in florida
2478240	divorce in alabama
2479510	divorce in arizona
2483087	divorce in delaware
2485291	divorce in kansas
2485667	divorce in maryland
2485958	Invest in a Green and Pure Energy Minerals Company
2494545	Deal with a Crying Kitty
2511483	Convince Your Parents to Let You Run in the Morning Before School
2513907	Make Your Own Brush in GIMP
2518039	Talk to a Nerdy Guy
2525035	Make Fake Handcuffs Look Real
2533041	Make a Nether Portal Without a Diamond Pickaxe in Minecraft
2539528	Get Spybot for Windows 8
2539775	Make Gluten Free Peppermint Cream Puffs
2543392	canal jump
2555113	Listen to Free Disney Parks Music Online on Live365
2575068	visit barbados
2593128	Draw a Sports Car
2599684	play monopoly online
2600197	Cut a Kohlrabi Stalk
2601118	Celebrate Easter with Your Pet Rock
2627781	Move on from a Compulsive and Stalkerish Crush
2632411	Prepare and Shoot in an Archery Tournament
2644129	Chop Brinjals
2647845	wear your seat belt
2652509	Find the Volume of an Irregular Object Using a Graduated Cylinder
2654122	flamenco dance
2655358	Take Your Medicine Every Morning
2689248	Wear a Blazer Like a Fashionista
2699516	buy and sell books
2704102	buy a car with bad credit
2711495	regrow hair
2718147	get someones attention
2735918	decorate easter baskets
2745727	french manicure toes
2775911	fold shirts
2776276	Make Sweet Lemonade
2795192	booty clap
2809151	retire in mexico
2809997	Be Kind to Others Without Looking Like a Sycophant
2813129	Create a Flash Slideshow with Kvisoft Flash Slideshow Designer
2839404	Be a Complete Noob
2858254	Make a Basil Berry Martini Cocktail
2858878	Become an Admin, Owner, or Guest on Your Bukkit Server
2863266	build a church
2871472	Pack for a Airplane Ride
2885673	Eat Healthily at a Japanese Restaurant
2900145	fly standby
2910960	price used cars
2916022	Make Poor Man's Brew
2930547	Upgrade to Snow Leopard
2932159	Send Video Messages on Kik
2947492	Make Grilled Puffer Fish in Harvest Moon: Animal Parade
2960955	Make an Animated GIF Banner with GIF Banner Maker
2962568	Make Grilled Barracuda in Harvest Moon: Animal Parade
2970384	Win a Civil Lawsuit
2988329	find out if someone has a crush on you
2992420	Make Drawstring Bag with Lace Edge
2997517	Make Mushroom Soup in Harvest Moon: Animal Parade
2998661	Sign Up for AirBNB
3007043	build a mouse maze
3016472	Bring a Stuffed Animal Home
3024472	Celebrate the Bright Autumn Festival
3035762	Make Chestnut Rice in Harvest Moon: Animal Parade
3036902	Make Omelet Rice on Harvest Moon: Animal Parade
3039532	Lessen the Chance of Evil Doers Coming Into Your Home
3043395	find old movies
3045719	Sing a Song to Your Crush
3049339	Log Into the Wikipedia IRC Channel on Freenode.Net
3052956	Judge First and Second Prize in a Sports Raffle
3053234	Find Out About Animes
3068185	live your best life
3071577	Add Item Modifiers on Square
3073187	make a thank you card
3084689	Properly Prepare a Hookah
3142190	Be a Good Blue Peter Presenter
3150381	Do the "Fake iPad" Prank
3154362	mix songs
3162796	Uninstall the Sims 2 on PC
3175686	Hold and Create a Presentation As a Teen
3192523	open a .dat file
3208594	find a business address
3218704	tan naked
3242066	Make Lumberjack Nails
3260106	Find Old Records of Christmas Music
3271463	Prepare for a Baton Twirling Competition
3298960	Look Like Candice Swanepoel
3303216	Make a Successful Group in Roblox
3307452	Find Building Ideas for Minecraft
3318814	lose weight while breastfeeding
3322667	Overcome Your Carnal Problems and Have a Blissful Relationship with Your Partner
3328262	sell a business
3331810	Role Play Zombie Apocalypse
3362492	Be Your Sailor Moon Self
3364372	Achieve an Achievement Badge in Cub Scouts (Boy Scouts)
3385100	Send Cad‐Cam Files with LeapFILE
3387144	sue your employer
3409612	Make a Journal Out of a Franklin Covey Planner Cover
3418994	Design a Small Business Logo to Make an Identity of Your Company
3432961	Start a Fire with Orange Peels
3465884	Make a Paper Minecraft Pickaxe
3491448	Draw Teeth
3495671	Make an Animal Pillow Box
3510780	Create a Birdhouse with Plastic Straws
3511709	convert yards to feet
3518404	Photograph Wildlife Creatively
3527054	Make a Mob Spawner in Minecraft
3530104	convert degrees to radians
3546236	Overcome Agoraphobia Swiftly
3558848	Start a Successful Food Cart Franchise Business in the Philippines
3584000	make at home spa treatments
3585716	increase your brain power
3602805	Remove the Qone8.Com Virus
3607801	Get Rich on Harvest Moon: A Wonderful Life
3641486	Succeed in an Interveiw
3646197	Go Pier Fishing
3654832	Track Your Employees Cell Phones
3664856	Make Learning Science Fun for Your Child
3671661	find lost money
3679094	Cook Tonggol
3685891	Take Care of a Baby Doll at Night
3687511	Perform the Impossible Count Card Trick
3690250	Get Squad Points in Call of Duty Ghosts
3698433	paddle board
3701404	Look Cool While Playing Softball
3716949	Make Violet Liqueur
3718558	grow hair fast naturally
3726352	Start a Detective Group
3786250	remember the titans
3801533	Remove a Review from a List on Yelp
3831627	play chuzzle deluxe
3841157	Create Awesome Talking Friend Movies
3841854	Use a Magic 8 Ball
3842725	Continue Loving God for a Long Period of Time
3852575	Make a Necklace out of Duct Tape Flowers
3859063	Draw a Parakeet or a Parret
3894575	Be Awesome in Your Class
3926820	Make a Yarn Puffball
3942922	do the impossible
3955333	Get a Facebook Thumbnail
3958012	Make a Homemade String Heart
3964524	club crawl
4011412	Soften a Bread
4027288	Achieve Lighter and Spot Free Skin
4034423	Shop Online in USA Without American Address
4044547	Survive when Your Best Friend Moves Away
4069507	Know if Your 5th Grade Girlfriend/Crush Wears a Bra
4115486	w. ink
4117489	book avenue
4124653	rent a tuxedo
4127411	Convert YouTube to MP3 with Airy
4154656	Make a Chicken Paste/Spread Sandwich
4177160	cure constipation
4193516	Make a Hamster Live a Healthy Life
4195228	Stay Cold in a Hot Weather
4208453	play cake mania online
4234393	compare car insurance
4245262	Use Google Drive Offline
4246896	Please Your Friends
4258947	Plant Corn for Young Kids
4266059	Create Gifographics
4361187	Make a Bird’s Nest Necklace
4361786	Become a GameFAQs Moderator
4371161	Use H2bid As a Worker in the Water or Wastewater Industry
4375204	Create a Page Using Facebook Pages Manager for Android
4378778	Repair a Burn in Leather
4392765	Make Potato Beads
4400708	Choose, Use, and Maintain an Inflatable Boat
4411105	Start Indoor Rock Climbing
4461149	Prevent Parkinson's Disease
4491199	Make a Family History DVD
4499816	add screen name to aol
4515066	Reuse Boxes
4522045	Make Fairy Puppets
4528510	Have Hope with Music
4528682	Honor Past Presidents on President's Day
4535713	tour italy
4552298	freeze asparagus
4567546	Choose a Motor Controller
4579549	Download Vube Videos with Free Vube Downloader
4602136	protect your liver
4605963	Make a Simple Rig for Panoramic Video
4615550	Use Applescript
4619361	Get Through Classic Mario Bros. Very Quickly
4629550	make it work
4633022	Plan a Birthday for Your Teenager
4640178	Not Feel
4643541	stop being the other woman
4657949	open attachments
4659179	Make Perfume Out of Soap
4666930	Get Your Little Brother to Take a Nap
4680506	grade tests
4680764	Create a Theme with Your Pictures Using BlueFTP
4693840	Create Porcelain Tile Flooring Inlays with Waterjet Cutting
4698383	Be an Animal Jam Nurse
4707290	Increase the Capacity of Your Pendrive
4713011	travel to maui
4739186	Choose the Right Sperm Donor
4751004	Get Ready for School in INDIA
4751406	Do the Splits in 10 Easy Steps
4785609	Download Roar from Just Dance 2014
4790451	Create a Company Video
4800149	Put the iPhone 5 to DFU Mode
4832344	Avoid Diabetes with Food
4844763	Homemade Gel Nails
4850297	talk to god
4877381	Make Two Ingredient Play Dough
4879882	Test a Kenmore Ultra Dishwasher Model 66513743k603 That Will Not Start for a Defective Control Board or Control Panel
4889246	Identify Genuine Leather
4923512	Take Your Teddy Bear on a Bike Ride
4925077	buy cigarettes
4959111	bible journal
4971357	find a persons phone number
4971831	Do Perfect Winged Eyeliner Anytime
4994101	Avoid Weak Hip Hop
4995560	Plant a Seed You Don't Know How to Plant
4998605	buy disney stock
5000780	Build an Oak Wood House on Minecraft
5025273	Cope with Your Parents As a Teen
5035056	Do a Unit Rate
5037864	Draw a Neopoprealist Illustration "PEACE"
5038708	sell rare books
5106101	Avoid Being Tricked by a Garage Door Repair Company
5111501	believe in magic
5149130	Animate in Pencil 2D Animation Software
5173601	learn italian
5178516	Travel the World Safely Alone As a Woman
5224643	watch south park
5240654	Convert and Play iTunes Movies on Galaxy Note 4 by Using Avs4mac iTunes Converter
5246820	Keep Away from Water, if You Can't Swim
5257913	Own an Imaginary Dragon
5259311	have a nice day
5266292	get rid of urine smell
5268708	Be a True Warrior Cats Cat
5287223	catch a falling star
5289387	Make Your Software Releases Much Better
5298200	Get Free Beauty Products
5328610	do your own pest control
5345976	Make Beats Like Kanye West
5354013	Prevent Abuse
5354298	Stand Up from a Bully
5360341	Make Austrian Bullets with Feta Cheese
5364011	Pick a Healthy Sugar Glider
5366362	pets and animals
5391628	flick .
5418372	Get Over a Prank
5420644	Make Holiday Kids' Crafts
5421340	Life a Fulfilling Life
5433491	Become More Popular than the Other Popular Girls
5440574	Be Like Tiffany from Silver Linings Playbook
5444618	Make a Fairy House from Two Shoe Boxes
5456675	find cities
5459138	Save Money on Your Air Conditioning Bill
5468118	best way to train a puppy
5471177	Not Get wikiHow Users to Hate You
5474696	Play Flat Notes on the Violin
5475145	Identify Entity Types (DBMS)
5475404	Warm Up Your Voice: 3 Steps
5480683	Watch a Holiday Movie with Others
5480805	Play Midfield in Girl's Lacrosse
5482010	Take Care of Your Hamster Properly
5485899	fake tan
5486013	Visit the Universal Orlando Resort
5492699	Roleplay on San Andreas Multiplayer
5494867	Find a Payday Lender in Los Angeles
5500570	Tie a Re Threaded Figure of 8 with a Stopper Knot
5501441	crappie fish
5504302	Dispute a Demand from a Debt Recovery Company for a Phone Bill
5506873	Take Care of a Beta
5513354	play chess online
5514264	Make a Vegetarian Taco Pie
5520202	Better Understand Fracking
5526402	Gain More Followers and Get More Likes
5535178	Sing Happy Birthday in German
5535986	teach summer school
5536018	Add Dirt to a Zombie Costume
5537277	Get Ready to Do Homework
5540042	Curl Hair, Heat Free, Products Free
5541345	play games online
5541449	Stop Being Islamophobic
5543398	make a site
5545517	Learn from Everthing That Happens
5550514	play boy
5550593	make your own logo
5561772	free running
5562202	Boat Train Your Dog on Plastic Grass
5562881	Be Successful on Shark Tank
5566233	Stop the Windows Shutdown Process
5567931	Be Your Own Beauty
5569486	Wait for Christmas when It Is November
5569749	Create a Denim Bag
5571339	acne scar treatment
5588142	treasure coast realty
5589994	Make a Cupcake Club
5590453	build your own wine rack
5590883	Find the Perfect Gift for Anyone
5596113	Study for School
5596705	Find Wireless Networks
5598814	Feed a Baby from Your Body on Animal Jam
5604175	Millions of Websites Affected by Drupal Hack Attack
5604582	Prevent Corrosion of Metals for FE Prep Course
5604896	enamel paint
5606150	walk away
